{
    "transform": [
        [
            0.9999503493309021,
            -0.007125075440853834,
            -0.006969874259084463,
            -0.05518293380737305
        ],
        [
            -0.007125075440853834,
            -0.02199411392211914,
            -0.9997327327728271,
            -4.150942802429199
        ],
        [
            0.006969874259084463,
            0.9997327327728271,
            -0.022043824195861816,
            -0.184798926115036
        ]
    ],
    "scale": 0.23911163184083914
}